Model,Fidelity_Score,AOPC_mean,Comprehensiveness_mean,Sufficiency_mean
MLP,0.7813653596942651,0.22953278972181035,0.251582143116494,0.014602161444961308
KNN,0.6666666666666666,0.30297926955243865,0.30191410745084946,0.08398969705776728
RandomForest,0.6303324526047775,0.19816445684872436,0.2105074573120315,0.022967525532565945
SGDClassifier,0.629535624573527,0.1879765532776844,0.20392151863192282,0.017245890616909513
SVM,0.6159741505715637,0.16852256363691884,0.19810766450412887,0.011458753640235715
MultinomialNB,0.4756435970254463,0.12490234987616493,0.14618555294929927,0.009267199884103175
LogisticRegression,0.4284605040815453,0.11460528526971682,0.13019671751172662,0.010574357628230478
LinearSVC,0.40260130190310717,0.10844076625700698,0.11541142319602718,0.008947531603781176
GradientBoosting,0.31342392370487243,0.0867897440631373,0.09291108462664131,0.01342966723807161
