Model,AOPC_mean,AOPC_std,Comprehensiveness_mean,Comprehensiveness_std,Sufficiency_mean,Sufficiency_std,n_samples
LogisticRegression,0.11460528526971682,0.07304484510678222,0.13019671751172662,0.09490944835471352,0.010574357628230478,0.02559391094765582,269
MultinomialNB,0.12490234987616493,0.08150903014931563,0.14618555294929927,0.10594704336208688,0.009267199884103175,0.02182104521352152,269
LinearSVC,0.10844076625700698,0.06901641547035509,0.11541142319602718,0.07748974158915706,0.008947531603781176,0.020658719380468454,269
SGDClassifier,0.1879765532776844,0.10583527967111696,0.20392151863192282,0.12587892944019657,0.017245890616909513,0.04454530607053712,269
SVM,0.16852256363691884,0.1312822652357563,0.19810766450412887,0.16370703066630327,0.011458753640235715,0.03023014003300624,269
KNN,0.30297926955243865,0.17851650308648032,0.30191410745084946,0.21530509028259162,0.08398969705776728,0.15018312089224595,269
RandomForest,0.19816445684872436,0.14376058682727044,0.2105074573120315,0.15982193251756652,0.022967525532565945,0.04507158257484632,269
GradientBoosting,0.0867897440631373,0.08010803143821593,0.09291108462664131,0.0910672815987553,0.01342966723807161,0.0317525745313673,269
MLP,0.22953278972181035,0.12220588312940969,0.251582143116494,0.1530957623285169,0.014602161444961308,0.03800350740125795,269
